method,roc_auc,pr_auc
WSI,0.708984375,0.5265087786817586
Clinical,0.7363281249999999,0.450756145270783
Fusion,0.74375,0.47036739112297754
