method,roc_auc,pr_auc
WSI,0.6840932117527861,0.49776368355232964
Fusion,0.7262411347517731,0.4697276224007839
