n,n_pos,n_groups,n_splits,method,roc_auc,pr_auc,fold_auc_mean,fold_auc_std,fold_aucs
152,47,152,5,WSI,0.6840932117527861,0.49776368355232964,,,
152,47,152,5,Clinical,0.7176291793313071,0.4635502013718362,0.7489023476523476,0.0689960297611556,"0.780952,0.679167,0.809524,0.653846,0.821023"
152,47,152,5,Fusion,0.7262411347517731,0.4697276224007839,0.7718060643060642,0.09372895276090448,"0.771429,0.670833,0.878307,0.663462,0.875000"
