method,roc_auc,pr_auc
WSI,0.6840932117527861,0.49776368355232964
Clinical,0.7176291793313071,0.4635502013718362
Fusion,0.7262411347517731,0.4697276224007839
