method,roc_auc,pr_auc
WSI,0.6838905775075989,0.49758458762855284
Clinical,0.7176291793313071,0.4635502013718362
Fusion,0.7262411347517731,0.4697276224007839
